WKT,nama,deskripsi
"POLYGON ((106.7611492 -6.3593563, 106.7458713 -6.3811066, 106.7415788 -6.4062686, 106.7851819 -6.4521571, 106.7870696 -6.4734791, 106.8177972 -6.4743324, 106.8354787 -6.4765495, 106.8572796 -6.478766, 106.8703259 -6.4760369, 106.8833721 -6.4644383, 106.8922985 -6.4446518, 106.8964184 -6.4275938, 106.8984783 -6.4037117, 106.8922985 -6.3873348, 106.8655194 -6.3805109, 106.8366803 -6.3764165, 106.811961 -6.3736869, 106.7883468 -6.3665783, 106.7611492 -6.3593563))",Kota Administrasi Depok, Jawa Barat,
